User ID,Sequence,Time,Coordinates,Label,Label Time,Label Coordinates
0,"[2, 2, 2, 2, 2, 2, 2, 7, 5, 10]","[1355929702.0, 1356103598.0, 1358119244.0, 1359792057.0, 1360633160.0, 1361238049.0, 1361858019.0, 1362231972.0, 1362511066.0, 1362513216.0]","[(45.425242, -122.553632), (45.425242, -122.553632), (45.425242, -122.553632), (45.425242, -122.553632), (45.425242, -122.553632), (45.425242, -122.553632), (45.425242, -122.553632), (45.589169, -122.593796), (33.814811, -117.924843), (33.804934, -117.91889)]","[2, 2, 2, 2, 2, 2, 7, 5, 10, 9]","[1356103598.0, 1358119244.0, 1359792057.0, 1360633160.0, 1361238049.0, 1361858019.0, 1362231972.0, 1362511066.0, 1362513216.0, 1362530139.0]","[(45.425242, -122.553632), (45.425242, -122.553632), (45.425242, -122.553632), (45.425242, -122.553632), (45.425242, -122.553632), (45.425242, -122.553632), (45.589169, -122.593796), (33.814811, -117.924843), (33.804934, -117.91889), (33.810924, -117.919436)]"
0,"[9, 8, 7, 2, 2, 2, 2, 2, 2, 6]","[1362530139.0, 1362614755.0, 1362631608.0, 1363064748.0, 1364518803.0, 1364630498.0, 1364692890.0, 1375430026.0, 1378276569.0, 1379258066.0]","[(33.810924, -117.919436), (33.943894, -118.405023), (45.589169, -122.593796), (45.425242, -122.553632), (45.425242, -122.553632), (45.425242, -122.553632), (45.425242, -122.553632), (45.425242, -122.553632), (45.425242, -122.553632), (33.813527, -117.924671)]","[8, 7, 2, 2, 2, 2, 2, 2, 6, 5]","[1362614755.0, 1362631608.0, 1363064748.0, 1364518803.0, 1364630498.0, 1364692890.0, 1375430026.0, 1378276569.0, 1379258066.0, 1379352002.0]","[(33.943894, -118.405023), (45.589169, -122.593796), (45.425242, -122.553632), (45.425242, -122.553632), (45.425242, -122.553632), (45.425242, -122.553632), (45.425242, -122.553632), (45.425242, -122.553632), (33.813527, -117.924671), (33.814811, -117.924843)]"
